"title","link","date","tag"
"Monetary Policy Report and Interim Financial Stability Report - May 2020","https://www.bankofengland.co.uk/report/2020/monetary-policy-report-financial-stability-report-may-2020","07 May 2020","// Publication // Report"
"Monetary Policy Report - January 2020","https://www.bankofengland.co.uk/monetary-policy-report/2020/january-2020","30 January 2020","// Publication // Monetary Policy Report (MPR)"
"Monetary Policy Report - November 2019","https://www.bankofengland.co.uk/monetary-policy-report/2019/november-2019","07 November 2019","// Publication // Monetary Policy Report (MPR)"
"Visual summary - Inflation Report August 2019","https://www.bankofengland.co.uk/inflation-report/2019/august-2019/visual-summary","01 August 2019","// Publication // Inflation Report (IR)"
"Inflation Report - August 2019","https://www.bankofengland.co.uk/inflation-report/2019/august-2019","01 August 2019","// Publication // Inflation Report (IR)"
"Visual summary - Inflation Report May 2019","https://www.bankofengland.co.uk/inflation-report/2019/may-2019/visual-summary","02 May 2019","// Publication // Inflation Report (IR)"
"Inflation Report - May 2019","https://www.bankofengland.co.uk/inflation-report/2019/may-2019","02 May 2019","// Publication // Inflation Report (IR)"
"Visual summary - Inflation Report February 2019","https://www.bankofengland.co.uk/inflation-report/2019/february-2019/visual-summary","07 February 2019","// Publication // Inflation Report (IR)"
"Inflation Report - February 2019","https://www.bankofengland.co.uk/inflation-report/2019/february-2019","07 February 2019","// Publication // Inflation Report (IR)"
"Visual summary - Inflation Report November 2018","https://www.bankofengland.co.uk/inflation-report/2018/november-2018/visual-summary","01 November 2018","// Publication // Inflation Report (IR)"
"Inflation Report - November 2018","https://www.bankofengland.co.uk/inflation-report/2018/november-2018","01 November 2018","// Publication // Inflation Report (IR)"
"Visual summary - Inflation Report August 2018","https://www.bankofengland.co.uk/inflation-report/2018/august-2018/visual-summary","02 August 2018","// Publication // Inflation Report (IR)"
"Inflation Report - August 2018","https://www.bankofengland.co.uk/inflation-report/2018/august-2018","02 August 2018","// Publication // Inflation Report (IR)"
"Visual summary - Inflation Report May 2018","https://www.bankofengland.co.uk/inflation-report/2018/may-2018/visual-summary","10 May 2018","// Publication // Inflation Report (IR)"
"Inflation Report - May 2018","https://www.bankofengland.co.uk/inflation-report/2018/may-2018","10 May 2018","// Publication // Inflation Report (IR)"
"Inflation Report - February 2018","https://www.bankofengland.co.uk/inflation-report/2018/february-2018","08 February 2018","// Publication // Inflation Report (IR)"
"Visual summary - Inflation Report February 2018","https://www.bankofengland.co.uk/inflation-report/2018/february-2018/visual-summary","08 February 2018","// Publication // Inflation Report (IR)"
"Inflation Report - November 2017","https://www.bankofengland.co.uk/inflation-report/2017/november-2017","02 November 2017","// Publication // Inflation Report (IR)"
"Inflation Report November 2017 - Visual summary","https://www.bankofengland.co.uk/inflation-report/2017/november-2017-visual-summary","02 November 2017","// Publication // Inflation Report (IR)"
"Inflation Report - August 2017","https://www.bankofengland.co.uk/inflation-report/2017/aug-2017","03 August 2017","// Publication // Inflation Report (IR)"
"Inflation Report, May 2017","https://www.bankofengland.co.uk/inflation-report/2017/may-2017","11 May 2017","// Publication // Inflation Report (IR)"
"Inflation Report, February 2017","https://www.bankofengland.co.uk/inflation-report/2017/february-2017","02 February 2017","// Publication // Inflation Report (IR)"
"Inflation Report, November 2016","https://www.bankofengland.co.uk/inflation-report/2016/november-2016","03 November 2016","// Publication // Inflation Report (IR)"
"Inflation Report, August 2016","https://www.bankofengland.co.uk/inflation-report/2016/august-2016","04 August 2016","// Publication // Inflation Report (IR)"
"Inflation Report, May 2016","https://www.bankofengland.co.uk/inflation-report/2016/may-2016","12 May 2016","// Publication // Inflation Report (IR)"
"Inflation Report, February 2016","https://www.bankofengland.co.uk/inflation-report/2016/february-2016","04 February 2016","// Publication // Inflation Report (IR)"
"Inflation Report, November 2015","https://www.bankofengland.co.uk/inflation-report/2015/november-2015","05 November 2015","// Publication // Inflation Report (IR)"
"Inflation Report - August 2015","https://www.bankofengland.co.uk/inflation-report/2015/august-2015","06 August 2015","// Publication // Inflation Report (IR)"
"Inflation Report, May 2015","https://www.bankofengland.co.uk/inflation-report/2015/may-2015","13 May 2015","// Publication // Inflation Report (IR)"
"Inflation Report, February 2015","https://www.bankofengland.co.uk/inflation-report/2015/february-2015","12 February 2015","// Publication // Inflation Report (IR)"
"Inflation Report - November 2014","https://www.bankofengland.co.uk/inflation-report/2014/november-2014","12 November 2014","// Publication // Inflation Report (IR)"
"Inflation Report - August 2014","https://www.bankofengland.co.uk/inflation-report/2014/august-2014","13 August 2014","// Publication // Inflation Report (IR)"
"Inflation Report - May 2014","https://www.bankofengland.co.uk/inflation-report/2014/may-2014","14 May 2014","// Publication // Inflation Report (IR)"
"Inflation Report - February 2014","https://www.bankofengland.co.uk/inflation-report/2014/february-2014","12 February 2014","// Publication // Inflation Report (IR)"
"Inflation Report - November 2013","https://www.bankofengland.co.uk/inflation-report/2013/november-2013","13 November 2013","// Publication // Inflation Report (IR)"
"Inflation Report - August 2013","https://www.bankofengland.co.uk/inflation-report/2013/august-2013","07 August 2013","// Publication // Inflation Report (IR)"
"Inflation Report - May 2013","https://www.bankofengland.co.uk/inflation-report/2013/may-2013","15 May 2013","// Publication // Inflation Report (IR)"
"Inflation Report - February 2013","https://www.bankofengland.co.uk/inflation-report/2013/february-2013","13 February 2013","// Publication // Inflation Report (IR)"
"Inflation Report - November 2012","https://www.bankofengland.co.uk/inflation-report/2012/november-2012","14 November 2012","// Publication // Inflation Report (IR)"
"Inflation Report - August 2012","https://www.bankofengland.co.uk/inflation-report/2012/august-2012","08 August 2012","// Publication // Inflation Report (IR)"
"Inflation Report - May 2012","https://www.bankofengland.co.uk/inflation-report/2012/may-2012","16 May 2012","// Publication // Inflation Report (IR)"
"Inflation Report - February 2012","https://www.bankofengland.co.uk/inflation-report/2012/february-2012","15 February 2012","// Publication // Inflation Report (IR)"
"Inflation Report - November 2011","https://www.bankofengland.co.uk/inflation-report/2011/november-2011","16 November 2011","// Publication // Inflation Report (IR)"
"Inflation Report - August 2011","https://www.bankofengland.co.uk/inflation-report/2011/august-2011","10 August 2011","// Publication // Inflation Report (IR)"
"Inflation Report - May 2011","https://www.bankofengland.co.uk/inflation-report/2011/may-2011","11 May 2011","// Publication // Inflation Report (IR)"
"Inflation Report - February 2011","https://www.bankofengland.co.uk/inflation-report/2011/february-2011","16 February 2011","// Publication // Inflation Report (IR)"
"Inflation Report - November 2010","https://www.bankofengland.co.uk/inflation-report/2010/november-2010","10 November 2010","// Publication // Inflation Report (IR)"
"Inflation Report - August 2010","https://www.bankofengland.co.uk/inflation-report/2010/august-2010","11 August 2010","// Publication // Inflation Report (IR)"
"Inflation Report - May 2010","https://www.bankofengland.co.uk/inflation-report/2010/may-2010","12 May 2010","// Publication // Inflation Report (IR)"
"Inflation Report - February 2010","https://www.bankofengland.co.uk/inflation-report/2010/february-2010","10 February 2010","// Publication // Inflation Report (IR)"
"Inflation Report - November 2009","https://www.bankofengland.co.uk/inflation-report/2009/november-2009","11 November 2009","// Publication // Inflation Report (IR)"
"Inflation Report - August 2009","https://www.bankofengland.co.uk/inflation-report/2009/august-2009","12 August 2009","// Publication // Inflation Report (IR)"
"Inflation Report - May 2009","https://www.bankofengland.co.uk/inflation-report/2009/may-2009","13 May 2009","// Publication // Inflation Report (IR)"
"Inflation Report - February 2009","https://www.bankofengland.co.uk/inflation-report/2009/february-2009","11 February 2009","// Publication // Inflation Report (IR)"
"Inflation Report - November 2008","https://www.bankofengland.co.uk/inflation-report/2008/november-2008","12 November 2008","// Publication // Inflation Report (IR)"
"Inflation Report - August 2008","https://www.bankofengland.co.uk/inflation-report/2008/august-2008","13 August 2008","// Publication // Inflation Report (IR)"
"Inflation Report - May 2008","https://www.bankofengland.co.uk/inflation-report/2008/may-2008","14 May 2008","// Publication // Inflation Report (IR)"
"Inflation Report - February 2008","https://www.bankofengland.co.uk/inflation-report/2008/february-2008","13 February 2008","// Publication // Inflation Report (IR)"
"Inflation Report - November 2007","https://www.bankofengland.co.uk/inflation-report/2007/november-2007","14 November 2007","// Publication // Inflation Report (IR)"
"Inflation Report - August 2007","https://www.bankofengland.co.uk/inflation-report/2007/august-2007","08 August 2007","// Publication // Inflation Report (IR)"
"Inflation Report - May 2007","https://www.bankofengland.co.uk/inflation-report/2007/may-2007","16 May 2007","// Publication // Inflation Report (IR)"
"Inflation Report - February 2007","https://www.bankofengland.co.uk/inflation-report/2007/february-2007","14 February 2007","// Publication // Inflation Report (IR)"
"Inflation Report - November 2006","https://www.bankofengland.co.uk/inflation-report/2006/november-2006","15 November 2006","// Publication // Inflation Report (IR)"
"Inflation Report - August 2006","https://www.bankofengland.co.uk/inflation-report/2006/august-2006","09 August 2006","// Publication // Inflation Report (IR)"
"Inflation Report - May 2006","https://www.bankofengland.co.uk/inflation-report/2006/may-2006","10 May 2006","// Publication // Inflation Report (IR)"
"Inflation Report - February 2006","https://www.bankofengland.co.uk/inflation-report/2006/february-2006","15 February 2006","// Publication // Inflation Report (IR)"
"Inflation Report - November 2005","https://www.bankofengland.co.uk/inflation-report/2005/november-2005","16 November 2005","// Publication // Inflation Report (IR)"
"Inflation Report - August 2005","https://www.bankofengland.co.uk/inflation-report/2005/august-2005","10 August 2005","// Publication // Inflation Report (IR)"
"Inflation Report - May 2005","https://www.bankofengland.co.uk/inflation-report/2005/may-2005","11 May 2005","// Publication // Inflation Report (IR)"
"Inflation Report - February 2005","https://www.bankofengland.co.uk/inflation-report/2005/february-2005","16 February 2005","// Publication // Inflation Report (IR)"
"Inflation Report - November 2004","https://www.bankofengland.co.uk/inflation-report/2004/november-2004","10 November 2004","// Publication // Inflation Report (IR)"
"Inflation Report - August 2004","https://www.bankofengland.co.uk/inflation-report/2004/august-2004","11 August 2004","// Publication // Inflation Report (IR)"
"Inflation Report - May 2004","https://www.bankofengland.co.uk/inflation-report/2004/may-2004","12 May 2004","// Publication // Inflation Report (IR)"
"Inflation Report - February 2004","https://www.bankofengland.co.uk/inflation-report/2004/february-2004","11 February 2004","// Publication // Inflation Report (IR)"
"Inflation Report - November 2003","https://www.bankofengland.co.uk/inflation-report/2003/november-2003","12 November 2003","// Publication // Inflation Report (IR)"
"Inflation Report - August 2003","https://www.bankofengland.co.uk/inflation-report/2003/august-2003","13 August 2003","// Publication // Inflation Report (IR)"
"Inflation Report - May 2003","https://www.bankofengland.co.uk/inflation-report/2003/may-2003","15 May 2003","// Publication // Inflation Report (IR)"
"Inflation Report - February 2003","https://www.bankofengland.co.uk/inflation-report/2003/february-2003","12 February 2003","// Publication // Inflation Report (IR)"
"Inflation Report - November 2002","https://www.bankofengland.co.uk/inflation-report/2002/november-2002","13 November 2002","// Publication // Inflation Report (IR)"
"Inflation Report - August 2002","https://www.bankofengland.co.uk/inflation-report/2002/august-2002","07 August 2002","// Publication // Inflation Report (IR)"
"Inflation Report - May 2002","https://www.bankofengland.co.uk/inflation-report/2002/may-2002","15 May 2002","// Publication // Inflation Report (IR)"
"Inflation Report - February 2002","https://www.bankofengland.co.uk/inflation-report/2002/february-2002","13 February 2002","// Publication // Inflation Report (IR)"
"Inflation Report - November 2001","https://www.bankofengland.co.uk/inflation-report/2001/november-2001","14 November 2001","// Publication // Inflation Report (IR)"
"Inflation Report - August 2001","https://www.bankofengland.co.uk/inflation-report/2001/august-2001","08 August 2001","// Publication // Inflation Report (IR)"
"Inflation Report - May 2001","https://www.bankofengland.co.uk/inflation-report/2001/may-2001","16 May 2001","// Publication // Inflation Report (IR)"
"Inflation Report - February 2001","https://www.bankofengland.co.uk/inflation-report/2001/february-2001","14 February 2001","// Publication // Inflation Report (IR)"
"Inflation Report - November 2000","https://www.bankofengland.co.uk/inflation-report/2000/november-2000","16 November 2000","// Publication // Inflation Report (IR)"
"Inflation Report - August 2000","https://www.bankofengland.co.uk/inflation-report/2000/august-2000","09 August 2000","// Publication // Inflation Report (IR)"
"Inflation Report - May 2000","https://www.bankofengland.co.uk/inflation-report/2000/may-2000","10 May 2000","// Publication // Inflation Report (IR)"
"Inflation Report - February 2000","https://www.bankofengland.co.uk/inflation-report/2000/february-2000","17 February 2000","// Publication // Inflation Report (IR)"
"Inflation Report - November 1999","https://www.bankofengland.co.uk/inflation-report/1999/november-1999","10 November 1999","// Publication // Inflation Report (IR)"
"Inflation Report - August 1999","https://www.bankofengland.co.uk/inflation-report/1999/august-1999","11 August 1999","// Publication // Inflation Report (IR)"
"Inflation Report - May 1999","https://www.bankofengland.co.uk/inflation-report/1999/may-1999","12 May 1999","// Publication // Inflation Report (IR)"
"Inflation Report - February 1999","https://www.bankofengland.co.uk/inflation-report/1999/february-1999","10 February 1999","// Publication // Inflation Report (IR)"
"Inflation Report - November 1998","https://www.bankofengland.co.uk/inflation-report/1998/november-1998","11 November 1998","// Publication // Inflation Report (IR)"
"Inflation Report - August 1998","https://www.bankofengland.co.uk/inflation-report/1998/august-1998","13 August 1998","// Publication // Inflation Report (IR)"
"Inflation Report - May 1998","https://www.bankofengland.co.uk/inflation-report/1998/may-1998","13 May 1998","// Publication // Inflation Report (IR)"
"The Inflation Report projections: understanding the fan chart","https://www.bankofengland.co.uk/quarterly-bulletin/1998/q1/the-inflation-report-projections-understanding-the-fan-chart","01 March 1998","// Publication // Quarterly Bulletin"
"Inflation Report - February 1998","https://www.bankofengland.co.uk/inflation-report/1998/february-1998","11 February 1998","// Publication // Inflation Report (IR)"
"Inflation Report - November 1997","https://www.bankofengland.co.uk/inflation-report/1997/november-1997","12 November 1997","// Publication // Inflation Report (IR)"
"Inflation Report  - August 1997","https://www.bankofengland.co.uk/inflation-report/1997/august-1997","13 August 1997","// Publication // Inflation Report (IR)"
"Inflation Report - May 1997","https://www.bankofengland.co.uk/inflation-report/1997/may-1997","13 May 1997","// Publication // Inflation Report (IR)"
"Inflation Report - February 1997","https://www.bankofengland.co.uk/inflation-report/1997/february-1997","12 February 1997","// Publication // Inflation Report (IR)"
"Inflation Report - November 1996","https://www.bankofengland.co.uk/inflation-report/1996/november-1996","01 November 1996","// Publication // Inflation Report (IR)"
"Inflation Report - August 1996","https://www.bankofengland.co.uk/inflation-report/1996/august-1996","01 August 1996","// Publication // Inflation Report (IR)"
"Inflation Report - May 1996","https://www.bankofengland.co.uk/inflation-report/1996/may-1996","01 May 1996","// Publication // Inflation Report (IR)"
"Inflation Report - February 1996","https://www.bankofengland.co.uk/inflation-report/1996/february-1996","01 February 1996","// Publication // Inflation Report (IR)"
"Inflation Report - November 1995","https://www.bankofengland.co.uk/inflation-report/1995/november-1995","01 November 1995","// Publication // Inflation Report (IR)"
"Inflation Report - August 1995","https://www.bankofengland.co.uk/inflation-report/1995/august-1995","01 August 1995","// Publication // Inflation Report (IR)"
"Inflation Report - May 1995","https://www.bankofengland.co.uk/inflation-report/1995/may-1995","01 May 1995","// Publication // Inflation Report (IR)"
"Inflation Report - February 1995","https://www.bankofengland.co.uk/inflation-report/1995/february-1995","01 February 1995","// Publication // Inflation Report (IR)"
"Inflation Report - November 1994","https://www.bankofengland.co.uk/inflation-report/1994/november-1994","01 November 1994","// Publication // Inflation Report (IR)"
"Inflation Report - August 1994","https://www.bankofengland.co.uk/inflation-report/1994/august-1994","01 August 1994","// Publication // Inflation Report (IR)"
"Inflation Report - May 1994","https://www.bankofengland.co.uk/inflation-report/1994/may-1994","01 May 1994","// Publication // Inflation Report (IR)"
"Inflation Report - February 1994","https://www.bankofengland.co.uk/inflation-report/1994/february-1994","01 February 1994","// Publication // Inflation Report (IR)"
"Inflation Report 1993 Q4","https://www.bankofengland.co.uk/quarterly-bulletin/1993/q4/inflation-report-1993-q4","01 December 1993","// Publication // Quarterly Bulletin"
"Inflation Report - November 1993","https://www.bankofengland.co.uk/inflation-report/1993/november-1993","01 November 1993","// Publication // Inflation Report (IR)"
"Inflation Report","https://www.bankofengland.co.uk/quarterly-bulletin/1993/q3/inflation-report-1993-q3","01 September 1993","// Publication // Quarterly Bulletin"
"Inflation Report - August 1993","https://www.bankofengland.co.uk/inflation-report/1993/august-1993","01 August 1993","// Publication // Inflation Report (IR)"
"Inflation Report","https://www.bankofengland.co.uk/quarterly-bulletin/1993/q2/inflation-report-1993-q2","01 June 1993","// Publication // Quarterly Bulletin"
"Inflation Report - May 1993","https://www.bankofengland.co.uk/inflation-report/1993/may-1993","01 May 1993","// Publication // Inflation Report (IR)"
"Inflation Report - February 1993","https://www.bankofengland.co.uk/inflation-report/1993/february-1993","01 February 1993","// Publication // Inflation Report (IR)"
